{"cameraMode":{"drawMode":0,"name":"Shaded","section":"Shading Mode"},"sceneLighting":false,"audioPlay":false,"sceneViewState":{"showFog":true,"showMaterialUpdate":false,"showSkybox":false,"showFlares":true,"showImageEffects":true,"showParticleSystems":true},"in2DMode":false,"pivot":{"x":136.62539672851563,"y":349.9959411621094,"z":-238.92054748535157},"rotation":{"x":0.1403287649154663,"y":-0.7644084692001343,"z":0.17758116126060487,"w":0.6037264466285706},"size":2.8558480739593508,"orthographic":false}