{"cameraMode":{"drawMode":0,"name":"Shaded","section":"Shading Mode"},"sceneLighting":false,"audioPlay":false,"sceneViewState":{"showFog":true,"showMaterialUpdate":false,"showSkybox":false,"showFlares":true,"showImageEffects":true,"showParticleSystems":true},"in2DMode":false,"pivot":{"x":3.707646369934082,"y":10.261781692504883,"z":13.924901962280274},"rotation":{"x":-0.1456535905599594,"y":0.48709186911582949,"z":-0.08274975419044495,"w":-0.8571591973304749},"size":10.0,"orthographic":false}