{"cameraMode":{"drawMode":0,"name":"Shaded","section":"Shading Mode"},"sceneLighting":false,"audioPlay":false,"sceneViewState":{"showFog":true,"showMaterialUpdate":false,"showSkybox":true,"showFlares":true,"showImageEffects":true,"showParticleSystems":true},"in2DMode":false,"pivot":{"x":139.0,"y":353.89422607421877,"z":-240.31300354003907},"rotation":{"x":-0.11460091173648834,"y":-0.6685484647750855,"z":0.10536262392997742,"w":-0.7271994948387146},"size":1.5448499917984009,"orthographic":false}