{"cameraMode":{"drawMode":0,"name":"Shaded","section":"Shading Mode"},"sceneLighting":false,"audioPlay":false,"sceneViewState":{"showFog":true,"showMaterialUpdate":false,"showSkybox":true,"showFlares":true,"showImageEffects":true,"showParticleSystems":true},"in2DMode":false,"pivot":{"x":114.87060546875,"y":345.7344055175781,"z":-242.9333953857422},"rotation":{"x":0.1849207729101181,"y":0.4292702078819275,"z":-0.09039841592311859,"w":0.8794542551040649},"size":1.1202912330627442,"orthographic":false}