{"cameraMode":{"drawMode":0,"name":"Shaded","section":"Shading Mode"},"sceneLighting":false,"audioPlay":false,"sceneViewState":{"showFog":true,"showMaterialUpdate":false,"showSkybox":true,"showFlares":true,"showImageEffects":true,"showParticleSystems":true},"in2DMode":false,"pivot":{"x":254.4244384765625,"y":361.82684326171877,"z":-171.59103393554688},"rotation":{"x":-0.05492907017469406,"y":-0.6286932229995728,"z":0.0445922315120697,"w":-0.7744314074516296},"size":1.208806037902832,"orthographic":false}